OMP_Threads,Elapsed_Time
1,0.411799
2,0.210742
4,0.201597
8,0.159447
16,0.119546
32,0.100287
64,0.064257
128,0.070715
