MPI_Tasks,Elapsed_Time
1,0.104101
2,0.064049
4,0.038880
8,0.087532
16,0.122107
32,0.001029
64,
