MPI_Tasks,Elapsed_Time
1,0.111160
2,0.225338
4,0.071472
8,0.254471
16,0.586697
32,1.036565
64,
128,
