OMP_Threads,Elapsed_Time
1,0.412089
2,0.827320
4,3.115298
8,9.787572
16,23.160521
32,49.619682
64,
128,
